{
    "XToYYprime_MX2000_MY120_MYprime500_narrow": 0.0005956000000000001,
    "XToYYprime_MX2000_MY120_MYprime500_narrow_LHEScaleSumw": [
        0.9254803251139927,
        1.0,
        1.0761912851010185,
        0.9254803251139927,
        1.0,
        1.0761912851010185,
        0.9254803251139927,
        1.0,
        1.0761912851010185
    ],
    "XToYYprime_MX3000_MY200_MYprime800_narrow": 0.0006016161616161617,
    "XToYYprime_MX3000_MY200_MYprime800_narrow_LHEScaleSumw": [
        0.9032135397571187,
        1.0,
        1.1007426155480926,
        0.9032135397571187,
        1.0,
        1.1007426155480926,
        0.9032135397571187,
        1.0,
        1.1007426155480926
    ],
    "XToYYprime_MX4000_MY200_MYprime2000_narrow": 0.0005956000000000001,
    "XToYYprime_MX4000_MY200_MYprime2000_narrow_LHEScaleSumw": [
        0.8873726547378489,
        1.0,
        1.1179577445608953,
        0.8873726547378489,
        1.0,
        1.1179577445608953,
        0.8873726547378489,
        1.0,
        1.1179577445608953
    ],
    "XToYYprime_MX6000_MY400_MYprime2000_narrow": 0.0005956000000000001,
    "XToYYprime_MX6000_MY400_MYprime2000_narrow_LHEScaleSumw": [
        0.8748551728221877,
        1.0,
        1.1330056979210594,
        0.8748551728221877,
        1.0,
        1.1330056979210594,
        0.8748551728221877,
        1.0,
        1.1330056979210594
    ],
    "XToYYprime_MX4000_MY200_MYprime800_narrow": 0.0005956000000000001,
    "XToYYprime_MX4000_MY200_MYprime800_narrow_LHEScaleSumw": [
        0.8873203106376694,
        1.0,
        1.1180058248904305,
        0.8873203106376694,
        1.0,
        1.1180058248904305,
        0.8873203106376694,
        1.0,
        1.1180058248904305
    ],
    "XToYYprime_MX4000_MY200_MYprime600_narrow": 0.0006016161616161617,
    "XToYYprime_MX4000_MY200_MYprime600_narrow_LHEScaleSumw": [
        0.8873494478407962,
        1.0,
        1.1179730704452393,
        0.8873494478407962,
        1.0,
        1.1179730704452393,
        0.8873494478407962,
        1.0,
        1.1179730704452393
    ],
    "QCD_madgraph_pythia8_HT200to300": 1500.0760291139347,
    "QCD_madgraph_pythia8_HT200to300_LHEScaleSumw": [
        0.8770844498154343,
        0.8944589771519146,
        0.917951076618984,
        0.9805987517576565,
        1.0,
        1.0262401983273157,
        1.0835423011228678,
        1.1049594849164666,
        1.1339330148000162
    ],
    "QCD_madgraph_pythia8_HT300to500": 342.2245685649635,
    "QCD_madgraph_pythia8_HT300to500_LHEScaleSumw": [
        0.8560189111493103,
        0.9015781174658679,
        0.9500350561472959,
        0.9494817257103588,
        1.0,
        1.053731649781124,
        1.04249521769512,
        1.0979490174764268,
        1.1569303189065119
    ],
    "QCD_madgraph_pythia8_HT500to700": 29.3424595728875,
    "QCD_madgraph_pythia8_HT500to700_LHEScaleSumw": [
        0.8386460208426368,
        0.9084274070971203,
        0.9801418091790309,
        0.9232021753328198,
        1.0,
        1.0789251933500679,
        1.0074106408701895,
        1.0911962888983082,
        1.1773028653793156
    ],
    "QCD_madgraph_pythia8_HT700to1000": 7.9682169812903885,
    "QCD_madgraph_pythia8_HT700to1000_LHEScaleSumw": [
        0.8288887730458897,
        0.9127989267695743,
        0.9990224786000167,
        0.9080881334917444,
        1.0,
        1.094445622412243,
        0.9869917830300438,
        1.0868755468889868,
        1.1895125817029368
    ],
    "QCD_madgraph_pythia8_HT1000to1500": 4.2623929196916155,
    "QCD_madgraph_pythia8_HT1000to1500_LHEScaleSumw": [
        0.8201237751367062,
        0.9170067006695977,
        1.0171973495562359,
        0.8943583233005017,
        1.0,
        1.1092481599116109,
        0.9683435354777405,
        1.0827146837027133,
        1.2009900805542661
    ],
    "QCD_madgraph_pythia8_HT1500to2000": 0.4965251460242882,
    "QCD_madgraph_pythia8_HT1500to2000_LHEScaleSumw": [
        0.8121325552983155,
        0.9209525140255004,
        1.0345583571330024,
        0.881848150597765,
        1.0,
        1.1233477114788122,
        0.9513525945145417,
        1.078808167557773,
        1.21186834786153
    ],
    "QCD_madgraph_pythia8_HT2000toInf": 0.21068676089191182,
    "QCD_madgraph_pythia8_HT2000toInf_LHEScaleSumw": [
        0.8051017414161629,
        0.9240605765142544,
        1.049655598304155,
        0.8712668273997091,
        1.0,
        1.1359149390971461,
        0.9372456921527547,
        1.0757257651420709,
        1.2219316570095877
    ],
    "QCD_madgraph_herwig7_HT200to300": 26.44025332214562,
    "QCD_madgraph_herwig7_HT200to300_LHEScaleSumw": [
        0.8686218228486408,
        0.8959790594767263,
        0.9282751111303754,
        0.9694761136765448,
        1.0360353796637305,
        1.0697983386200083,
        1.1034723962572401,
        1.14322760558413
    ],
    "QCD_madgraph_herwig7_HT300to500": 32.13991942070313,
    "QCD_madgraph_herwig7_HT300to500_LHEScaleSumw": [
        0.8503116004909118,
        0.9029732766390088,
        0.9583136092273878,
        0.9416810425101306,
        1.0612848842892915,
        1.0326302314420441,
        1.0965805931532668,
        1.1637828319195873
    ],
    "QCD_madgraph_herwig7_HT500to700": 2.8276885520180652,
    "QCD_madgraph_herwig7_HT500to700_LHEScaleSumw": [
        0.8343311839481398,
        0.9095484374954976,
        0.9870020462969318,
        0.917309087558494,
        1.0851495627118297,
        0.9999590440723435,
        1.0900941865598475,
        1.1829093980998213
    ],
    "QCD_madgraph_herwig7_HT700to1000": 0.5942775093822967,
    "QCD_madgraph_herwig7_HT700to1000_LHEScaleSumw": [
        0.8249569865408837,
        0.9137507360817894,
        1.0054069944414972,
        0.9028289485443748,
        1.1003037702870742,
        0.9804217889975588,
        1.085940193690827,
        1.194860560623085
    ],
    "QCD_madgraph_herwig7_HT1000to1500": 0.11954369181774123,
    "QCD_madgraph_herwig7_HT1000to1500_LHEScaleSumw": [
        0.8161176531370168,
        0.9177943382632259,
        1.023497674324956,
        0.8892177647351485,
        1.1151695986658594,
        0.9620806352509456,
        1.0819389224832308,
        1.2065441176939498
    ],
    "QCD_madgraph_herwig7_HT1500to2000": 0.007993473675385544,
    "QCD_madgraph_herwig7_HT1500to2000_LHEScaleSumw": [
        0.8079346516984025,
        0.921572350369261,
        1.0408667943557959,
        0.8766933066954762,
        1.1294447936033791,
        0.9452493283040597,
        1.0781965504439723,
        1.2177618111816586
    ],
    "QCD_madgraph_herwig7_HT2000toInf": 0.0015055153216426242,
    "QCD_madgraph_herwig7_HT2000toInf_LHEScaleSumw": [
        0.8006496711242648,
        0.9245365925507175,
        1.0560407105817524,
        0.8659981663620588,
        1.1422415887101665,
        0.9311670303079048,
        1.0752559920488904,
        1.2282055576024218
    ],
    "QCD_pythia8_Pt170to300": 210.13094511160867,
    "QCD_pythia8_Pt300to470": 7.004999228203492,
    "QCD_pythia8_Pt470to600": 0.6268497008034117,
    "QCD_pythia8_Pt600to800": 0.1376091070380088,
    "QCD_pythia8_Pt800to1000": 0.04228873201194678,
    "QCD_pythia8_Pt1000to1400": 0.022719668429617576,
    "QCD_pythia8_Pt1400to1800": 0.0034812933891822983,
    "QCD_pythia8_Pt1800to2400": 0.0009512678929156803,
    "QCD_pythia8_Pt2400to3200": 0.00010650083930399181,
    "QCD_pythia8_3200toInf": 8.016776e-06,
    "QCD_herwig7_Pt15to7000": 361650400.1234464,
    "TTToHadronic_TuneCP5_13TeV-powheg-pythia8": 0.00021777261229967055,
    "TTToHadronic_TuneCP5_13TeV-powheg-pythia8_LHEScaleSumw": [
        0.8877802840212655,
        0.9034567131495004,
        0.9138713525582288,
        0.9760035902590898,
        0.9999873605713013,
        1.0192706567952732,
        1.0785288835667552,
        1.110367701771915,
        1.1379614416621717
    ],