{
    "XToYYprime_MX2000_MY120_MYprime500_narrow": 0.0003654347826086956,
    "XToYYprime_MX2000_MY120_MYprime500_narrow_LHEScaleSumw": [
        0.9255423133520083,
        1.0,
        1.0761323277960255,
        0.9255423133520083,
        1.0,
        1.0761323277960255,
        0.9255423133520083,
        1.0,
        1.0761323277960255
    ],
    "XToYYprime_MX3000_MY200_MYprime800_narrow": 0.0003654347826086956,
    "XToYYprime_MX3000_MY200_MYprime800_narrow_LHEScaleSumw": [
        0.9031292559122598,
        1.0,
        1.1008282398086116,
        0.9031292559122598,
        1.0,
        1.1008282398086116,
        0.9031292559122598,
        1.0,
        1.1008282398086116
    ],
    "XToYYprime_MX4000_MY200_MYprime2000_narrow": 0.0003654347826086956,
    "XToYYprime_MX4000_MY200_MYprime2000_narrow_LHEScaleSumw": [
        0.8871914018881882,
        1.0,
        1.1181728093260472,
        0.8871914018881882,
        1.0,
        1.1181728093260472,
        0.8871914018881882,
        1.0,
        1.1181728093260472
    ],
    "XToYYprime_MX6000_MY400_MYprime2000_narrow": 0.0003654347826086956,
    "XToYYprime_MX6000_MY400_MYprime2000_narrow_LHEScaleSumw": [
        0.8746967897535085,
        1.0,
        1.1331706380347866,
        0.8746967897535085,
        1.0,
        1.1331706380347866,
        0.8746967897535085,
        1.0,
        1.1331706380347866
    ],
    "QCD_madgraph_pythia8_HT200to300": 602.0145137819283,
    "QCD_madgraph_pythia8_HT200to300_LHEScaleSumw": [
        0.877233328139215,
        0.8944586681534976,
        0.9178147216935215,
        0.9807654015542778,
        1.0,
        1.0260882427625726,
        1.083726632670818,
        1.10495979892063,
        1.1337655498101844
    ],
    "QCD_madgraph_pythia8_HT300to500": 117.17990430130487,
    "QCD_madgraph_pythia8_HT300to500_LHEScaleSumw": [
        0.856120417944512,
        0.9015812574999971,
        0.9499440764572266,
        0.9495907276397888,
        1.0,
        1.0536273096134516,
        1.0426113066786298,
        1.097945474793572,
        1.1568122142220192
    ],
    "QCD_madgraph_pythia8_HT500to700": 9.60815741168243,
    "QCD_madgraph_pythia8_HT500to700_LHEScaleSumw": [
        0.8387369029694809,
        0.9084272047138864,
        0.9800512845305166,
        0.9233022760200833,
        1.0,
        1.078825938153371,
        1.00751992119035,
        1.0911964879738811,
        1.1771949115229676
    ],
    "QCD_madgraph_pythia8_HT700to1000": 2.5538939049887035,
    "QCD_madgraph_pythia8_HT700to1000_LHEScaleSumw": [
        0.8288835518259707,
        0.9127935307766715,
        0.9990221789818918,
        0.9080871042619879,
        1.0,
        1.09445259544469,
        0.9869960707669436,
        1.0868823028213328,
        1.1895284502325696
    ],
    "QCD_madgraph_pythia8_HT1000to1500": 1.495229650346272,
    "QCD_madgraph_pythia8_HT1000to1500_LHEScaleSumw": [
        0.8201372908881371,
        0.9170075781033014,
        1.0171869590185358,
        0.8943721858408071,
        1.0,
        1.1092357951408183,
        0.9683577487041176,
        1.0827138148577518,
        1.2009757543290966
    ],
    "QCD_madgraph_pythia8_HT1500to2000": 0.17765567003822663,
    "QCD_madgraph_pythia8_HT1500to2000_LHEScaleSumw": [
        0.8120880037564754,
        0.920951641803366,
        1.0346071562388441,
        0.8818005589808561,
        1.0,
        1.123401823433113,
        0.951301968061058,
        1.0788090321425456,
        1.2119277504308845
    ],
    "QCD_madgraph_pythia8_HT2000toInf": 0.06975397468567654,
    "QCD_madgraph_pythia8_HT2000toInf_LHEScaleSumw": [
        0.8050690971379171,
        0.924059761890758,
        1.0496963556367152,
        0.8712323265202226,
        1.0,
        1.1359599754596807,
        0.9372093341124093,
        1.0757265712944846,
        1.2219809538345663
    ],
    "QCD_madgraph_herwig7_HT200to300": 20.150652015135126,
    "QCD_madgraph_herwig7_HT200to300_LHEScaleSumw": [
        0.8686719673336991,
        0.8959767452143264,
        0.9282344826074119,
        0.9695342448995946,
        1.035992989725698,
        1.0698644883313466,
        1.1034747646686738,
        1.143183524763496
    ],
    "QCD_madgraph_herwig7_HT300to500": 4.337594481389582,
    "QCD_madgraph_herwig7_HT300to500_LHEScaleSumw": [
        0.8502829938879024,
        0.9029669144480648,
        0.9583262377348136,
        0.9416565007320109,
        1.0613058309824197,
        1.0326096715642699,
        1.0965868603567221,
        1.1638119917216068
    ],
    "QCD_madgraph_herwig7_HT500to700": 160.94825798274678,
    "QCD_madgraph_herwig7_HT500to700_LHEScaleSumw": [
        0.8356634625823465,
        0.9095955313334096,
        0.9857602544572749,
        0.9187240099023319,
        1.0837303737354071,
        1.0014569874353685,
        1.0900479900776532,
        1.1813142375399701
    ],
    "QCD_madgraph_herwig7_HT700to1000": 0.16639031686610475,
    "QCD_madgraph_herwig7_HT700to1000_LHEScaleSumw": [
        0.8249727420823924,
        0.9137538869669817,
        1.0053986605145249,
        0.9028428059066722,
        1.1002911463180423,
        0.9804338141129112,
        1.0859371165838267,
        1.1948437279736355
    ],
    "QCD_madgraph_herwig7_HT1000to1500": 0.027272926559841416,
    "QCD_madgraph_herwig7_HT1000to1500_LHEScaleSumw": [
        0.8161656710209464,
        0.9177895168123799,
        1.0234286314749454,
        0.8892748068530473,
        1.1151001880430462,
        0.9621466836447248,
        1.081943740790739,
        1.206474354158286
    ],
    "QCD_madgraph_herwig7_HT1500to2000": 0.002323853145674442,
    "QCD_madgraph_herwig7_HT1500to2000_LHEScaleSumw": [
        0.8079129064114189,
        0.921566872463574,
        1.040877410082774,
        0.8766750128709445,
        1.1294629267397969,
        0.9452344320261477,
        1.078201964007034,
        1.217787386951903
    ],
    "QCD_madgraph_herwig7_HT2000toInf": 0.00042809409370892724,
    "QCD_madgraph_herwig7_HT2000toInf_LHEScaleSumw": [
        0.8007416788477795,
        0.9245363157518638,
        1.0559342243542171,
        0.8660980562283064,
        1.1421266258324303,
        0.9312747843148788,
        1.0752562735053681,
        1.2280821487908398
    ],
    "QCD_pythia8_Pt170to300": 58.748571812621805,
    "QCD_pythia8_Pt300to470": 2.0702236654359405,
    "QCD_pythia8_Pt470to600": 0.1770548418342608,
    "QCD_pythia8_Pt600to800": 0.04023947015003186,
    "QCD_pythia8_Pt800to1000": 0.011660605337153162,
    "QCD_pythia8_Pt1000to1400": 0.0063388201286949525,
    "QCD_pythia8_Pt1400to1800": 0.0010063737175900016,
    "QCD_pythia8_Pt1800to2400": 0.0002815578686019862,
    "QCD_pythia8_Pt2400to3200": 3.09344136235955e-05,
    "QCD_pythia8_3200toInf": 2.271712851405622e-06,
    "QCD_herwig7_Pt15to7000": 2182627074.9174643,
    "Dijet_NNPDF30_powheg_pythia8": 5.941643620769489e-08,
    "TTToHadronic_TuneCP5_13TeV-powheg-pythia8": 0.0001918587995169488,
    "TTToHadronic_TuneCP5_13TeV-powheg-pythia8_LHEScaleSumw": [
        0.88782956751148,
        0.9035075783480634,
        0.913924786762975,
        0.9759996972829036,
        0.9999873605713016,
        1.0192758109586746,
        1.078478987295769,
        1.110322828097888,
        1.1379230515902055
    ],
    "ST_t-channel_top_4f_InclusiveDecays_TuneCP5_13TeV-powheg-madspin-pythia8": 0.0002891184712491158,
    "ST_t-channel_top_4f_InclusiveDecays_TuneCP5_13TeV-powheg-madspin-pythia8_LHEScaleSumw": [
        0.9533719248028208,
        0.9540527601745779,
        0.9451305317579324,
        0.9977840096257088,
        1.000018773101197,
        0.9961767108548275,
        1.0527872636462643,
        1.0563907395338878,
        1.0563641999590123
    ],