{
    "XToYYprime_MX2000_MY120_MYprime500_narrow": 0.0003611111111111111,
    "XToYYprime_MX2000_MY120_MYprime500_narrow_LHEScaleSumw": [
        0.925535901765917,
        1.0,
        1.0761360849866788,
        0.925535901765917,
        1.0,
        1.0761360849866788,
        0.925535901765917,
        1.0,
        1.0761360849866788
    ],
    "XToYYprime_MX3000_MY200_MYprime800_narrow": 0.00038065120637151555,
    "XToYYprime_MX3000_MY200_MYprime800_narrow_LHEScaleSumw": [
        0.9031803057139783,
        1.0,
        1.100775388718514,
        0.9031803057139783,
        1.0,
        1.100775388718514,
        0.9031803057139783,
        1.0,
        1.100775388718514
    ],
    "XToYYprime_MX4000_MY200_MYprime2000_narrow": 0.0003611111111111111,
    "XToYYprime_MX4000_MY200_MYprime2000_narrow_LHEScaleSumw": [
        0.8873550756882043,
        1.0,
        1.117977343220972,
        0.8873550756882043,
        1.0,
        1.117977343220972,
        0.8873550756882043,
        1.0,
        1.117977343220972
    ],
    "XToYYprime_MX6000_MY400_MYprime2000_narrow": 0.0003611111111111111,
    "XToYYprime_MX6000_MY400_MYprime2000_narrow_LHEScaleSumw": [
        0.8749137464995624,
        1.0000000000000002,
        1.1329495269107173,
        0.8749137464995624,
        1.0000000000000002,
        1.1329495269107173,
        0.8749137464995624,
        1.0000000000000002,
        1.1329495269107173
    ],
    "QCD_madgraph_pythia8_HT200to300": 582.3946855545597,
    "QCD_madgraph_pythia8_HT200to300_LHEScaleSumw": [
        0.8772192137788738,
        0.8944598986495674,
        0.917828887954588,
        0.9807483650403293,
        1.0,
        1.0261025874755845,
        1.0837067026610534,
        1.104958589854989,
        1.133780088655949
    ],
    "QCD_madgraph_pythia8_HT300to500": 135.13658192221612,
    "QCD_madgraph_pythia8_HT300to500_LHEScaleSumw": [
        0.8561206307989768,
        0.9015846929530671,
        0.949949363147303,
        0.949587435793107,
        1.0,
        1.053629068888075,
        1.0426043351821397,
        1.0979418426128198,
        1.1568102255103772
    ],
    "QCD_madgraph_pythia8_HT500to700": 10.321128019899282,
    "QCD_madgraph_pythia8_HT500to700_LHEScaleSumw": [
        0.8387360364566093,
        0.9084269921895923,
        0.9800514732332114,
        0.923301522366339,
        1.0,
        1.0788264175275384,
        1.0075192801555508,
        1.0911966995337927,
        1.1771956799416448
    ],
    "QCD_madgraph_pythia8_HT700to1000": 3.0520826461500907,
    "QCD_madgraph_pythia8_HT700to1000_LHEScaleSumw": [
        0.8289126097103294,
        0.9127921859813113,
        0.9989866918686167,
        0.9081202845275581,
        1.0,
        1.0944153265562648,
        0.9870333472648944,
        1.0868836307586263,
        1.1894893932249304
    ],
    "QCD_madgraph_pythia8_HT1000to1500": 1.5375685395319687,
    "QCD_madgraph_pythia8_HT1000to1500_LHEScaleSumw": [
        0.8201369525876496,
        0.9170087529277275,
        1.0171891252541259,
        0.8943706550623034,
        1.0,
        1.1092367546314625,
        0.9683550398213705,
        1.082712655656303,
        1.2009755241500866
    ],
    "QCD_madgraph_pythia8_HT1500to2000": 0.1953215019515473,
    "QCD_madgraph_pythia8_HT1500to2000_LHEScaleSumw": [
        0.8121129673732606,
        0.9209516363190401,
        1.0345819394830786,
        0.8818276975830994,
        1.0,
        1.1233744181947278,
        0.9513312750812862,
        1.0788090378653241,
        1.2118981638261996
    ],
    "QCD_madgraph_pythia8_HT2000toInf": 0.07884178041913643,
    "QCD_madgraph_pythia8_HT2000toInf_LHEScaleSumw": [
        0.8050522830023603,
        0.9240599483763676,
        1.049718028384434,
        0.8712139603244275,
        1.0,
        1.135983195754838,
        0.9371894280553674,
        1.0757263946346192,
        1.2220057282143078
    ],
    "QCD_madgraph_herwig7_HT200to300": 13.435498925140017,
    "QCD_madgraph_herwig7_HT200to300_LHEScaleSumw": [
        0.868703114736438,
        0.895970754560595,
        0.9281897339555365,
        0.9695757424226686,
        1.035949786960558,
        1.0699161366907717,
        1.103480578558412,
        1.1431417118480198
    ],
    "QCD_madgraph_herwig7_HT300to500": 5.059746021748719,
    "QCD_madgraph_herwig7_HT300to500_LHEScaleSumw": [
        0.850213211083008,
        0.9029667086566495,
        0.9583953665808009,
        0.9415792816588056,
        1.0613827628126151,
        1.0325250473915368,
        1.0965870587857827,
        1.1638966809174678
    ],
    "QCD_madgraph_herwig7_HT500to700": 0.9290309434995839,
    "QCD_madgraph_herwig7_HT500to700_LHEScaleSumw": [
        0.8343552009643604,
        0.9095576401833744,
        0.9869918694235879,
        0.917326339454704,
        1.0851272366124312,
        0.9999696558897576,
        1.0900851273132184,
        1.1828750872301588
    ],
    "QCD_madgraph_herwig7_HT700to1000": 0.35299772943683416,
    "QCD_madgraph_herwig7_HT700to1000_LHEScaleSumw": [
        0.8249478978825687,
        0.9137501064875186,
        1.0054161684686587,
        0.9028196555185176,
        1.1003145323374173,
        0.9804123009390548,
        1.0859408316943924,
        1.1948729178698352
    ],
    "QCD_madgraph_herwig7_HT1000to1500": 0.03087153582972746,
    "QCD_madgraph_herwig7_HT1000to1500_LHEScaleSumw": [
        0.8161500517899154,
        0.9177999609941463,
        1.023475399475516,
        0.889247407353403,
        1.1151387197955407,
        0.9621076178100718,
        1.0819334134350171,
        1.206504766955057
    ],
    "QCD_madgraph_herwig7_HT1500to2000": 0.002695779615028688,
    "QCD_madgraph_herwig7_HT1500to2000_LHEScaleSumw": [
        0.8078999223659002,
        0.9215727847938818,
        1.040903029900077,
        0.8766552937174515,
        1.1294834856070297,
        0.9452080435681935,
        1.07819612086598,
        1.2178029575976517
    ],
    "QCD_madgraph_herwig7_HT2000toInf": 0.0005682443233517858,
    "QCD_madgraph_herwig7_HT2000toInf_LHEScaleSumw": [
        0.8012579256801124,
        0.9247859200002486,
        1.0557787139751083,
        0.8664535539992441,
        1.1416068279922194,
        0.9314397113065557,
        1.0749670600370744,
        1.2271465719892207
    ],
    "QCD_pythia8_Pt170to300": 72.72727272727273,
    "QCD_pythia8_Pt300to470": 2.4564481124942046,
    "QCD_pythia8_Pt470to600": 0.21196415953759135,
    "QCD_pythia8_Pt600to800": 0.04869959829883972,
    "QCD_pythia8_Pt800to1000": 0.014380693194957557,
    "QCD_pythia8_Pt1000to1400": 0.0076673219059600565,
    "QCD_pythia8_Pt1400to1800": 0.0011379136363636362,
    "QCD_pythia8_Pt1800to2400": 0.0005704302868579053,
    "QCD_pythia8_Pt2400to3200": 0.00011330321507760533,
    "QCD_pythia8_3200toInf": 2.6246999999999996e-06,
    "QCD_herwig7_Pt15to7000": 125905690.39434657,
    "TTToHadronic_TuneCP5_13TeV-powheg-pythia8": 0.00024499767379470764,
    "TTToHadronic_TuneCP5_13TeV-powheg-pythia8_LHEScaleSumw": [
        0.88772155166073,
        0.9034443755651178,
        0.9139025178601118,
        0.9759607262534998,
        0.999987360571302,
        1.0193118874491085,
        1.0784987238377168,
        1.1103788089805298,
        1.1380129812380846
    ],
    "ST_t-channel_top_4f_InclusiveDecays_TuneCP5_13TeV-powheg-madspin-pythia8": 0.00037799241532153043,
    "ST_t-channel_top_4f_InclusiveDecays_TuneCP5_13TeV-powheg-madspin-pythia8_LHEScaleSumw": [
        0.9534630465319528,
        0.954123865735656,
        0.9451771088427909,
        0.9978028011703874,
        1.0000231111943854,
        0.9961645067663151,
        1.0527548022727666,
        1.0563475266646263,
        1.0563091049082567
    ],