{
    "XToYYprime_MX1000_MY60_MYprime250_narrow": 1.0,
    "XToYYprime_MX1000_MY60_MYprime250_narrow_LHEScaleSumw": [
        0.9600012344358329,
        1.0,
        1.0404495145447628,
        0.9600012344358329,
        1.0404495145447628,
        0.9600012344358329,
        1.0,
        1.0404495145447628
    ],
    "XToYYprime_MX3000_MY90_MYprime90_narrow": 1.0,
    "QCD_HT200to300": 957.5180519335612,
    "QCD_HT200to300_LHEScaleSumw": [
        0.8770896318340674,
        0.8944656461564398,
        0.917958295636297,
        0.9805975478297592,
        1.0,
        1.0262402563963124,
        1.083533086250727,
        1.1049511301289119,
        1.1339241408712761
    ],
    "QCD_HT300to500": 218.79011492921515,
    "QCD_HT300to500_LHEScaleSumw": [
        0.8560164334522042,
        0.9015804328509888,
        0.9500417495664549,
        0.9494767387248068,
        1.0,
        1.0537361376625096,
        1.0424871193787864,
        1.0979460331719568,
        1.1569318578962795
    ],
    "QCD_HT500to700": 18.489839529267172,
    "QCD_HT500to700_LHEScaleSumw": [
        0.8386632280930313,
        0.9084368847543285,
        0.9801422980314843,
        0.9232121345670254,
        1.0,
        1.0789136894126592,
        1.0074118975000173,
        1.091185108782366,
        1.1772773910450482
    ],
    "QCD_HT700to1000": 4.943872272384262,
    "QCD_HT700to1000_LHEScaleSumw": [
        0.8288868757779317,
        0.9127994395426899,
        0.9990260561712386,
        0.9080855726813142,
        1.0,
        1.094448896707865,
        0.986988561972705,
        1.0868750362389585,
        1.1895155532658654
    ],
    "QCD_HT1000to1500": 2.855033098093216,
    "QCD_HT1000to1500_LHEScaleSumw": [
        0.8201350585251378,
        0.917008250938924,
        1.0171894843409777,
        0.8943691259925873,
        1.0,
        1.1092376992654502,
        0.9683538698749098,
        1.0827131508486012,
        1.2009770468439231
    ],
    "QCD_HT1500to2000": 0.2964482825099456,
    "QCD_HT1500to2000_LHEScaleSumw": [
        0.8121071337123119,
        0.9209521332275838,
        1.0345852321012867,
        0.8818208982825263,
        1.0,
        1.1233773743629814,
        0.9513235179594267,
        1.0788085481498906,
        1.2119007911462976
    ],
    "QCD_HT2000toInf": 0.13349008291696726,
    "QCD_HT2000toInf_LHEScaleSumw": [
        0.8050813521217085,
        0.9240599098363409,
        1.0496787867903747,
        0.8712454469298591,
        1.0,
        1.135940786470255,
        0.9372233089789311,
        1.0757264144100276,
        1.2219601390708321
    ]
}
