{
    "TTTo2L2Nu_CP5_13p6TeV_powheg-pythia8": 0.0007988537642949056,
    "XToYYprime_MX6000_MY90_MYprime500_narrow": 1.0,
    "TTTo2L2Nu_CP5_13p6TeV_powheg-pythia8_LHEScaleSumw": [
        0.8881718077144768,
        0.9034171276381996,
        0.913322588018125,
        0.9769148370842796,
        0.9999975217159636,
        1.0183611501899659,
        1.0799004713682392,
        1.1103960237457668,
        1.136701114169822
    ],
    "TTTo2L2Nu_CP5_13p6TeV_powheg-pythia8_LHEPdfSumw": [
        0.9999975217159636,
        1.0002445170862608,
        1.001988681268878,
        0.9999263803348453,
        0.9977462556027005,
        1.000928404357731,
        0.9978589116915071,
        0.9991540795715447,
        0.998510039436276,
        1.0002138665735245,
        1.0008574942320285,
        1.000877723105491,
        0.9985131532440852,
        0.9987675232122798,
        0.9979421050710982,
        0.9978128551575662,
        0.9994278891444054,
        0.999259215435298,
        1.0015043803933705,
        1.0006521856289952,
        1.000728697608224,
        1.0010797417148605,
        1.0003988813503977,
        0.9993680589029141,
        1.002383757980063,
        1.0002213333286276,
        1.000964037223142,
        1.0007923460485322,
        0.9998815857181184,
        1.0027915484104866,
        0.9999649670720553,
        1.0025693863671212,
        1.000059123062471,
        1.000990914870233,
        1.0019240722356153,
        0.999648391042342,
        0.9984139927377027,
        1.0006394767557587,
        1.0001074743278475,
        1.0002304409930924,
        1.0007172333924252,
        1.0005890085687528,
        0.9993201308474314,
        1.0004422249084475,
        0.9995980458152728,
        1.0001618792167064,
        1.000907541359937,
        0.9999350416341993,
        1.0000296262410444,
        1.0010403703602786,
        1.0005072434357842,
        1.0001489707283924,
        0.9990436649355536,
        1.000119638114259,
        1.000204671248311,
        1.0005017208146125,
        1.0002444406010869,
        0.9995684966623236,
        0.999564319491542,
        0.9997128045323274,
        1.0000806329365821,
        1.0001323409820222,
        0.9992623282978091,
        0.9994788259939623,
        0.999927162724346,
        0.9992553070368181,
        1.0001389343551674,
        1.0002647496251027,
        0.9994078010195092,
        1.0000719580292865,
        0.9995459051682339,
        1.0003035034183743,
        1.0004652828352962,
        0.9998404771206276,
        1.0004239494868594,
        1.0001535383995308,
        1.0000223847476999,
        0.9994291484506315,
        0.9998191009155888,
        1.000305738181187,
        0.9999220684907044,
        1.0002505915820716,
        0.9998539760012531,
        0.9992820432581515,
        1.000011824732156,
        0.9999351855863512,
        1.00015017058187,
        0.9998176435221756,
        1.0001727957543054,
        1.0002193618348187,
        0.9997927410562127,
        0.9998488139984204,
        0.9996145699741236,
        1.0003256183775764,
        0.9999631248665765,
        0.9997156547990531,
        1.0001526141716843,
        0.999778549017449,
        0.999932746713287,
        0.9998094282637171,
        0.9999975217159636,
        1.0279304771969184,
        0.9722700609347418
    ],
    "DYJetsToLL_M-50_TuneCP5_13p6TeV-madgraphMLM-pythia8": 1.8910239469934627,
    "DYJetsToLL_M-50_TuneCP5_13p6TeV-madgraphMLM-pythia8_LHEScaleSumw": [
        1.1167926086107642,
        0.9958284082903002,
        0.9072272996159108,
        1.1219189345507612,
        0.9107385263748893,
        1.1261523528813044,
        1.0034427371739674,
        0.9136347700000026
    ],
    "DYJetsToLL_M-50_TuneCP5_13p6TeV-madgraphMLM-pythia8_LHEPdfSumw": [
        1.0,
        0.9989983872858302,
        0.9993616735362121,
        1.001200693738704,
        1.0010582716187735,
        0.999852737105105,
        1.0011049925242905,
        1.0004696127975128,
        1.0009791042564704,
        1.0005262725813926,
        0.9998996943130547,
        0.9993194649464935,
        1.0011971896418719,
        0.999619061335366,
        1.0013149337832812,
        1.0003646488054845,
        0.9998333687698862,
        1.0005096536942737,
        0.9995370488588597,
        1.0001154911457306,
        0.9979961334463389,
        0.9990133683126527,
        0.9996671525703359,
        1.0005222793858992,
        0.9986427903453374,
        0.9992360429654151,
        1.000951369480911,
        0.9976110849530132,
        0.9997298745312021,
        0.9987431645515279,
        0.999989790375764,
        0.9979881738032284,
        0.9994909554142052,
        1.0004894277704148,
        0.9992843662199694,
        1.0001424823249148,
        1.000655900601269,
        0.9997404080935542,
        0.9986751445983579,
        1.000267653008187,
        0.9999638728115131,
        0.9989534406767239,
        1.0006119501183595,
        1.0006592199662365,
        1.0008256691951884,
        0.9998694029357724,
        1.0000537513484462,
        1.0004631044457746,
        0.999612058597437,
        1.0000145435872512,
        1.0002277636043009,
        1.0000395840042426,
        0.9999513725175079,
        0.9999068579241597,
        0.9999628838475607,
        0.9995406233132729,
        0.9993585032075223,
        1.0001294014952802,
        1.0001896895479856,
        0.9994935707164108,
        1.000032699429327,
        0.9998619769403811,
        0.9998100885944864,
        1.0000629984220537,
        0.9993843881828928,
        1.0001067981234464,
        0.9994787172230402,
        0.9995586566985154,
        0.9999614322735342,
        0.9997446226915423,
        1.0000380496253807,
        0.9996368060890806,
        0.9998696027305984,
        0.9999888706069541,
        0.9998979160451292,
        1.0002350919624758,
        0.9999887232166088,
        0.99949588413903,
        1.000072626416086,
        1.0001883483784102,
        1.0000227863385773,
        1.0001858324915287,
        0.9998719421829781,
        1.0001974536712208,
        0.9998109844395922,
        1.0000851525379502,
        1.0000739550355338,
        0.9998947135640573,
        0.9997697375667589,
        0.9998721146773941,
        0.999947387019157,
        0.9999385631449327,
        0.9999980629839651,
        0.9999972757990847,
        1.0002563199146224,
        1.0000663777789494,
        1.000107218105318,
        1.0000228230000867,
        0.9999485858839066,
        0.9999370447932695,
        1.0,
        1.0173915415755392,
        0.9861939367514599
    ],
    "DYJetsToLL_M-10to50_TuneCP5_13p6TeV-madgraphMLM-pythia8": 6.743637243848143,
    "DYJetsToLL_M-10to50_TuneCP5_13p6TeV-madgraphMLM-pythia8_LHEScaleSumw": [
        1.485247819951632,
        0.995409622537524,
        0.7218770004444053,
        1.494254498801396,
        0.7245367414736804,
        1.5011022772631655,
        1.0034818354230204,
        0.726551518361012
    ],